City,District
Madrid,Barrio de Salamanca
Madrid,Chamartin
Madrid,Chamberi
Madrid,Centro
Madrid,Arganzuela
Madrid,Barrio de Salamanca
Madrid,Retiro
Madrid,Moncloa - Aravaca
Madrid,Barrio de Salamanca
Madrid,Chamberi
Madrid,Latina
Madrid,Centro
Madrid,Moncloa - Aravaca
Madrid,Retiro
Madrid,Chamberi
Madrid,Chamartin
Madrid,Ciudad Lineal
Madrid,Puente de Vallecas
Madrid,Carabanchel
Madrid,Tetuan
Madrid,Villaverde
Madrid,San Blas
Madrid,Moncloa - Aravaca
Madrid,Latina
Madrid,Carabanchel
Madrid,Usera
Madrid,Ciudad Lineal
Madrid,Barrio de Salamanca
Madrid,Fuencarral - El Pardo
Madrid,Moratalaz
Madrid,Vicalvaro
Madrid,Ciudad Lineal
Madrid,Hortaleza
Madrid,Fuencarral - El Pardo
Madrid,Fuencarral - El Pardo
Madrid,Chamartin
Madrid,San Blas
Madrid,Puente de Vallecas
Madrid,Moncloa - Aravaca
Madrid,Moncloa - Aravaca
Madrid,Usera
Madrid,Barajas
Madrid,Hortaleza
Madrid,Latina
Madrid,Arganzuela
Madrid,Tetuan
Madrid,Latina
Madrid,Fuencarral - El Pardo
Madrid,Fuencarral - El Pardo
Madrid,Hortaleza
Madrid,Villa de Vallecas
Madrid,Vicalvaro
Madrid,Puente de Vallecas
Madrid,Latina
Madrid,Hortaleza